epoch,time,train/box_loss,train/cls_loss,train/l1_loss,metrics/precision(B),metrics/recall(B),metrics/mAP50(B),metrics/mAP50-95(B),val/box_loss,val/cls_loss,val/l1_loss,lr/pg0,lr/pg1,lr/pg2
1,4.776,1.13804,17.866,0.00469,0.00457,0.5625,0.31125,0.16615,0.51019,14.7602,0.00166,0.000285714,0.000285714,0.0717143
2,5.92136,1.81208,21.5798,0.00598,0.00036,0.0625,0.0625,0.05,1.61684,16.0003,0.00959,0.000618896,0.000618896,0.0387141
3,7.03045,1.87322,15.7865,0.00767,0.00041,0.0625,0.0625,0.025,1.23213,14.5584,0.00855,0.000951451,0.000951451,0.00571336
4,8.14121,1.73694,18.5819,0.00688,0.00038,0.0625,0.0625,0.02292,1.05652,14.1257,0.00712,0.000997803,0.000997803,0.000997803
5,9.25809,1.54517,14.0567,0.00608,0.00037,0.0625,0.0625,0.01875,1.38619,14.7356,0.00777,0.000996097,0.000996097,0.000996097
6,10.354,1.62846,15.3077,0.00692,0,0,0,0,1.12026,14.0861,0.00756,0.000993906,0.000993906,0.000993906
7,11.5094,1.6118,13.4714,0.00537,0.16704,0.5625,0.49764,0.14926,1.18274,14.4045,0.01254,0.000991232,0.000991232,0.000991232
8,12.6364,1.56591,10.4494,0.00477,0.02522,0.75,0.09989,0.03322,1.1017,13.6758,0.01149,0.000988079,0.000988079,0.000988079
9,13.7851,1.52117,15.4329,0.00633,0.01178,0.875,0.12733,0.05496,1.36453,13.6436,0.01147,0.000984449,0.000984449,0.000984449
10,14.8706,1.48975,10.4686,0.00538,0.00659,0.9375,0.13691,0.06192,1.59295,13.6326,0.01189,0.000980345,0.000980345,0.000980345
11,15.9602,1.51615,11.1416,0.00615,0.0068,1,0.7362,0.35836,1.36603,12.8696,0.01188,0.000975773,0.000975773,0.000975773
12,17.1213,1.31948,12.0772,0.00532,0.70955,0.0625,0.69867,0.48804,1.28139,12.2097,0.00939,0.000970736,0.000970736,0.000970736
13,18.2596,1.38354,11.36,0.00411,0.63813,0.0625,0.72458,0.52622,1.19355,12.0267,0.00912,0.000965239,0.000965239,0.000965239
14,19.443,1.25131,10.6642,0.00519,0.74194,0.125,0.46465,0.26406,1.35558,11.9973,0.00869,0.000959289,0.000959289,0.000959289
15,20.5893,1.61824,10.2497,0.00421,0.77773,0.1875,0.4777,0.2438,1.3338,11.4561,0.00956,0.000952889,0.000952889,0.000952889
16,21.7022,1.40499,9.95978,0.00416,0.71266,0.125,0.79061,0.31211,1.30241,10.7868,0.00998,0.000946048,0.000946048,0.000946048
17,22.8106,1.45874,8.10197,0.00543,0.70854,0.125,0.77921,0.32242,1.17145,10.5521,0.00953,0.000938772,0.000938772,0.000938772
18,23.9444,1.28707,9.27347,0.00429,0.8045,0.1875,0.73657,0.25951,1.32912,10.5935,0.01009,0.000931067,0.000931067,0.000931067
19,25.1175,1.35453,10.9787,0.00481,0.71365,0.125,0.29175,0.16143,1.35767,10.7605,0.00984,0.000922942,0.000922942,0.000922942
20,26.2586,1.31481,7.94143,0.00522,0.63025,0.125,0.67761,0.27152,1.34708,10.3036,0.01053,0.000914405,0.000914405,0.000914405
21,27.4202,1.48686,10.3833,0.00469,0.69804,0.24632,0.70517,0.27663,1.20918,9.78679,0.0102,0.000905463,0.000905463,0.000905463
22,28.5409,1.23961,7.42355,0.00395,0.66954,0.38522,0.71118,0.23875,1.29046,9.45892,0.01033,0.000896127,0.000896127,0.000896127
23,29.6864,1.20269,9.74655,0.00452,0.67478,0.3125,0.35243,0.16137,1.37339,9.41906,0.01067,0.000886404,0.000886404,0.000886404
24,30.8346,1.35547,7.05227,0.00452,0.74071,0.1875,0.37406,0.15011,1.58482,9.4881,0.01188,0.000876305,0.000876305,0.000876305
25,32.07,1.13982,8.61197,0.005,0.87102,0.18153,0.37153,0.13698,1.48809,9.32827,0.01191,0.000865839,0.000865839,0.000865839
26,33.2895,1.13746,8.30607,0.00467,0.77183,0.25,0.73431,0.22386,1.5525,8.81929,0.01119,0.000855018,0.000855018,0.000855018
27,34.4703,1.20716,9.47542,0.00388,0.82938,0.24259,0.7553,0.23582,1.53555,8.49732,0.01156,0.000843851,0.000843851,0.000843851
28,35.615,1.40384,11.18,0.00558,0.796,0.3125,0.75665,0.23586,1.44591,8.26778,0.0114,0.000832349,0.000832349,0.000832349
29,36.7878,1.19105,6.92908,0.00436,0.79828,0.3125,0.76734,0.2653,1.49586,8.27703,0.01198,0.000820525,0.000820525,0.000820525
30,37.9275,1.23449,7.30571,0.00447,0.76507,0.2839,0.36675,0.21495,1.512,8.30953,0.01136,0.000808389,0.000808389,0.000808389
31,39.0293,1.26656,6.903,0.00444,0.69016,0.1875,0.37437,0.20827,1.61963,8.29764,0.01303,0.000795954,0.000795954,0.000795954
32,40.1857,1.34002,6.86652,0.00379,0.70726,0.1875,0.76316,0.25929,1.68447,8.13526,0.01314,0.000783231,0.000783231,0.000783231
33,41.2951,1.23725,6.93642,0.00465,0.74239,0.23667,0.78353,0.26758,1.60284,7.94141,0.01199,0.000770234,0.000770234,0.000770234
